original_id,dataset_id,name,ckan_id,status,error_message,upload_time
1-1,1,Timber Focused Evaluation of PC_BC_2007,710cc5bd-2403-4c80-8aeb-8328de524319,Success,,2025-04-01 10:38:49
2-1,2,Alternative Silviculture Systems in DF Forests_Roberts Creek Study Forest - Sunshine Coast_2002,2cdeb519-eed7-421b-a30f-f5388289a929,Success,,2025-04-01 10:38:53
3-1,3,Forest Carbon and Management Options_BC_2012,3e67eaa8-e51b-421f-9864-6ef8efd54e50,Success,,2025-04-01 10:38:56
4-1,4,Regeneration of Pl Following PH_Western Chilcotin Region_2007,016f05a4-81b6-440c-ab72-373fe544176a,Success,,2025-04-01 10:39:00
5-1,5,Forest Health Stand Establishment Decision Aids_Southern Interior Forest Region_2005,0d796c65-fec5-43ae-8a51-e3d670aaf95f,Success,,2025-04-01 10:39:02
6-1,6,"Successional Responses to Natural Disaster, Forest Management, Climate Change_BC_2012",24318ae2-27c3-4013-987b-77dcf7d48186,Success,,2025-04-01 10:39:04
8-1,8,Maintaining Attributes of Old Growth Forests through VR_Coastal BC_2003,305a9104-718c-4afe-80bc-1293648fcde6,Success,,2025-04-01 10:39:07
9-1,9,Adapting Forest and Range Management to CC_Skeena Region_2016,8a053fb4-8327-41f4-8626-9e62ba45863a,Success,,2025-04-01 10:39:09
10-1,10,Comparing CC and Alternatives in High Elevation Forest_Sicamous Creek_2002,9a025917-ec01-4015-8029-01feb1f81c37,Success,,2025-04-01 10:39:11
